title,artist,og_key,pdf_url
Above All Else,Vicky Beeching,D,/static/chords/Above_All_Else.pdf
All the earth,Parachute Band,A,/static/chords/All_the_earth.pdf
Amazing Grace (My Chains Are Gone),Chris Tomlin,D,/static/chords/Amazing_Grace_(My_Chains_Are_Gone).pdf
At all times,Victory Worship,D,/static/chords/At_all_times.pdf
At the cross,Darlene Zschech,E,/static/chords/At_the_cross.pdf
At your name,Phil Whickam,G,/static/chords/At_your_name.pdf
Awesome is the lord most high,Chris Tomlin,C,/static/chords/Awesome_is_the_lord_most_high.pdf
Beautiful One,Tim Hughes,C,/static/chords/Beautiful_One.pdf
Because of Who You Are (Medley),Martha Munizzi,F,/static/chords/Because_of_Who_You_Are_(Medley).pdf
Blessed Be Your Name,Matt Redman,A,/static/chords/Blessed_Be_Your_Name.pdf
Broken Vessels,Hillsong Worship,C,/static/chords/Broken_Vessels.pdf
Build My Life,Pat Barrett,G,/static/chords/Build_My_Life.pdf
Celebrate Jesus (Medley),Gary Oliver,D,/static/chords/Celebrate_Jesus_(Medley).pdf
Christ Is Enough,Hillsong Worship,C,/static/chords/Christ_Is_Enough.pdf
Desert Song,Brooke Ligertwood,G,/static/chords/Desert_Song.pdf
Draw Me Close to You,Kelly Carpenter,G,/static/chords/Draw_Me_Close_to_You.pdf
Everlasting God,Ken Riley,G,/static/chords/Everlasting_God.pdf
Everyday,Joel Houston,C,/static/chords/Everyday.pdf
Evermore,Hillsong Worship,D,/static/chords/Evermore.pdf
Every Move I Make,Passion,E,/static/chords/Every_Move_I_Make.pdf
Everyday,Hillsong United,C,/static/chords/Everyday.pdf
"Father, Spirit, Jesus",Casting Crowns,G,/static/chords/Father_Spirit_Jesus.pdf
Feliz Navidad,Jose Feliciano,C,/static/chords/Feliz_Navidad.pdf
Forever,Chris Tomlin,G,/static/chords/Forever.pdf
Friend of God,Israel Houghton,E,/static/chords/Friend_of_God.pdf
For All You've Done,Hillsong Worship,E,/static/chords/For_All_You've_Done.pdf
Glorious Day (Living He Loved Me),Casting Crowns,G,/static/chords/Glorious_Day_(Living_He_Loved_Me).pdf
God Is Able,Hillsong Worship,D,/static/chords/God_Is_Able.pdf
God Is Here,Darlene Zschech,D,/static/chords/God_Is_Here.pdf
Hosanna (Praise is Rising),Unknown,C,/static/chords/Hosanna_(Praise_is_Rising).pdf
God of Wonders,Third Day,C,/static/chords/God_of_Wonders.pdf
God You Reign,Lincoln Brewster,C,/static/chords/God_You_Reign.pdf
God Most High,Worship Central,C,/static/chords/God_Most_High.pdf
God You're So Good,Passion,G,/static/chords/God_You're_So_Good.pdf
Good Good Father,Pat Barrett,C,/static/chords/Good_Good_Father.pdf
Grace Flows Down,Passion,D,/static/chords/Grace_Flows_Down.pdf
God Is For Us,CityAlight,E,/static/chords/God_Is_For_Us.pdf
